stock,taxa,variable,year,mean,sd,lower,upper,status
Bivalvia,Bivalvia,b_div_bmsy,2018,1.0028943014317,0.219630352494229,0.69444479953431,1.42364749598017,fully fished
Callista.chione,Callista chione,b_div_bmsy,2018,0.963025446145192,0.180142117770479,0.71559918323308,1.26702413039786,fully fished
Cardiidae,Cardiidae,b_div_bmsy,2018,0.971944454917021,0.234668641022966,0.673303001406804,1.42214732069265,fully fished
